name,price,position,brand,model,year_pd,km,status,transmission,fuel,country,style,seat_capacity,payload
,,"Phường Tây Thạnh, Quận Tân Phú, Tp Hồ Chí Minh",,,,,,,,,,,
,,"314 Luỹ Bán Bích , Phường Hòa Thạnh, Quận Tân Phú, Tp Hồ Chí Minh",,,,,,,,,,,
,,"71 Đường Chế Lan Viên, Phường Tây Thạnh, Quận Tân Phú, Tp Hồ Chí Minh",,,,,,,,,,,
,,"71 Đường Chế Lan Viên, Phường Tây Thạnh, Quận Tân Phú, Tp Hồ Chí Minh",,,,,,,,,,,
,,"71 Đường Chế Lan Viên, Phường Tây Thạnh, Quận Tân Phú, Tp Hồ Chí Minh",,,,,,,,,,,
,,"Chế Lan Viên, Phường Tây Thạnh, Quận Tân Phú, Tp Hồ Chí Minh",,,,,,,,,,,
,,"71 Đường Chế Lan Viên, Phường Tây Thạnh, Quận Tân Phú, Tp Hồ Chí Minh",,,,,,,,,,,
,,"Phường Tây Thạnh, Quận Tân Phú, Tp Hồ Chí Minh",,,,,,,,,,,
,,"Phường Tây Thạnh, Quận Tân Phú, Tp Hồ Chí Minh",,,,,,,,,,,
,,"Phường Tân Thành, Quận Tân Phú, Tp Hồ Chí Minh",,,,,,,,,,,
,,"Phường Tân Quý, Quận Tân Phú, Tp Hồ Chí Minh",,,,,,,,,,,
,,"Chế Lan Viên, Phường Tây Thạnh, Quận Tân Phú, Tp Hồ Chí Minh",,,,,,,,,,,
,,"Chế Lan Viên, Phường Tây Thạnh, Quận Tân Phú, Tp Hồ Chí Minh",,,,,,,,,,,
,,"71 Đường Chế Lan Viên, Phường Tây Thạnh, Quận Tân Phú, Tp Hồ Chí Minh",,,,,,,,,,,
,,"69, Đường Tây Thạnh, Phường Tây Thạnh, Quận Tân Phú, Tp Hồ Chí Minh",,,,,,,,,,,
,,"Phường Tây Thạnh, Quận Tân Phú, Tp Hồ Chí Minh",,,,,,,,,,,
,,"Phường Tây Thạnh, Quận Tân Phú, Tp Hồ Chí Minh",,,,,,,,,,,
,,"71 Đường Chế Lan Viên, Phường Tây Thạnh, Quận Tân Phú, Tp Hồ Chí Minh",,,,,,,,,,,
,,"Chế Lan Viên, Phường Tây Thạnh, Quận Tân Phú, Tp Hồ Chí Minh",,,,,,,,,,,
,,"Đường Chế Lan Viên, Phường Tây Thạnh, Quận Tân Phú, Tp Hồ Chí Minh",,,,,,,,,,,
,,"Phường Tây Thạnh, Quận Tân Phú, Tp Hồ Chí Minh",,,,,,,,,,,
,,"Chế Lan Viên, Phường Tây Thạnh, Quận Tân Phú, Tp Hồ Chí Minh",,,,,,,,,,,
,,"Phường Tân Sơn Nhì, Quận Tân Phú, Tp Hồ Chí Minh",,,,,,,,,,,
,,"Phường Tân Sơn Nhì, Quận Tân Phú, Tp Hồ Chí Minh",,,,,,,,,,,
,,"71 Đường Chế Lan Viên, Phường Tây Thạnh, Quận Tân Phú, Tp Hồ Chí Minh",,,,,,,,,,,
,,"71 Đường Chế Lan Viên, Phường Tây Thạnh, Quận Tân Phú, Tp Hồ Chí Minh",,,,,,,,,,,
,,"Phường Phú Trung, Quận Tân Phú, Tp Hồ Chí Minh",,,,,,,,,,,
,,"Phường Tân Thành, Quận Tân Phú, Tp Hồ Chí Minh",,,,,,,,,,,
,,"71 Đường Chế Lan Viên, Phường Tây Thạnh, Quận Tân Phú, Tp Hồ Chí Minh",,,,,,,,,,,
,,"Phường Tân Quý, Quận Tân Phú, Tp Hồ Chí Minh",,,,,,,,,,,
,,"Phường Tân Thành, Quận Tân Phú, Tp Hồ Chí Minh",,,,,,,,,,,
,,"71 Đường Chế Lan Viên, Phường Tây Thạnh, Quận Tân Phú, Tp Hồ Chí Minh",,,,,,,,,,,
,,"Phường Tân Thành, Quận Tân Phú, Tp Hồ Chí Minh",,,,,,,,,,,
,,"Phường Tây Thạnh, Quận Tân Phú, Tp Hồ Chí Minh",,,,,,,,,,,
,,"69, Đường Tây Thạnh, Phường Tây Thạnh, Quận Tân Phú, Tp Hồ Chí Minh",,,,,,,,,,,
,,"Phường Tây Thạnh, Quận Tân Phú, Tp Hồ Chí Minh",,,,,,,,,,,
,,"71 Đường Chế Lan Viên, Phường Tây Thạnh, Quận Tân Phú, Tp Hồ Chí Minh",,,,,,,,,,,
,,"Phường Tây Thạnh, Quận Tân Phú, Tp Hồ Chí Minh",,,,,,,,,,,
,,"Chế Lan Viên, Phường Tây Thạnh, Quận Tân Phú, Tp Hồ Chí Minh",,,,,,,,,,,
,,"314 Luỹ Bán Bích , Phường Hòa Thạnh, Quận Tân Phú, Tp Hồ Chí Minh",,,,,,,,,,,
,,"Phường Tân Thành, Quận Tân Phú, Tp Hồ Chí Minh",,,,,,,,,,,
,,"Phường Tây Thạnh, Quận Tân Phú, Tp Hồ Chí Minh",,,,,,,,,,,
,,"Phường Tây Thạnh, Quận Tân Phú, Tp Hồ Chí Minh",,,,,,,,,,,
,,"Chế Lan Viên, Phường Tây Thạnh, Quận Tân Phú, Tp Hồ Chí Minh",,,,,,,,,,,
,,"Phường Tân Quý, Quận Tân Phú, Tp Hồ Chí Minh",,,,,,,,,,,
,,"Phường Tây Thạnh, Quận Tân Phú, Tp Hồ Chí Minh",,,,,,,,,,,
,,"Chế Lan Viên, Phường Tây Thạnh, Quận Tân Phú, Tp Hồ Chí Minh",,,,,,,,,,,
,,"Đường Chế Lan Viên, Phường Tây Thạnh, Quận Tân Phú, Tp Hồ Chí Minh",,,,,,,,,,,
,,"Chế Lan Viên, Phường Tây Thạnh, Quận Tân Phú, Tp Hồ Chí Minh",,,,,,,,,,,
,,"Phường Tây Thạnh, Quận Tân Phú, Tp Hồ Chí Minh",,,,,,,,,,,
,,"Phường Tân Sơn Nhì, Quận Tân Phú, Tp Hồ Chí Minh",,,,,,,,,,,
,,"Chế Lan Viên, Phường Tây Thạnh, Quận Tân Phú, Tp Hồ Chí Minh",,,,,,,,,,,
,,"Phường Hòa Thạnh, Quận Tân Phú, Tp Hồ Chí Minh",,,,,,,,,,,
,,"Đường Lũy Bán Bích, Phường Hòa Thạnh, Quận Tân Phú, Tp Hồ Chí Minh",,,,,,,,,,,
,,"Phường Phú Trung, Quận Tân Phú, Tp Hồ Chí Minh",,,,,,,,,,,
,,"Phường Tân Sơn Nhì, Quận Tân Phú, Tp Hồ Chí Minh",,,,,,,,,,,
,,"Phường Tây Thạnh, Quận Tân Phú, Tp Hồ Chí Minh",,,,,,,,,,,
,,"Đường Lũy Bán Bích, Phường Hòa Thạnh, Quận Tân Phú, Tp Hồ Chí Minh",,,,,,,,,,,
,,"Đường Bình Long, Phường Tân Quý, Quận Tân Phú, Tp Hồ Chí Minh",,,,,,,,,,,
,,"71 Đường Chế Lan Viên, Phường Tây Thạnh, Quận Tân Phú, Tp Hồ Chí Minh",,,,,,,,,,,
,,"Phường Tân Thành, Quận Tân Phú, Tp Hồ Chí Minh",,,,,,,,,,,
,,"Đường Lũy Bán Bích, Phường Hòa Thạnh, Quận Tân Phú, Tp Hồ Chí Minh",,,,,,,,,,,
,,"Đường Lũy Bán Bích, Phường Hòa Thạnh, Quận Tân Phú, Tp Hồ Chí Minh",,,,,,,,,,,
,,"69 Chế Lan Viên, Phường Tây Thạnh, Quận Tân Phú, Tp Hồ Chí Minh",,,,,,,,,,,
,,"Đường Lũy Bán Bích, Phường Hòa Thạnh, Quận Tân Phú, Tp Hồ Chí Minh",,,,,,,,,,,
,,"Phường Phú Thạnh, Quận Tân Phú, Tp Hồ Chí Minh",,,,,,,,,,,
,,"Đường Lũy Bán Bích, Phường Hòa Thạnh, Quận Tân Phú, Tp Hồ Chí Minh",,,,,,,,,,,
,,"Đường Lũy Bán Bích, Phường Hòa Thạnh, Quận Tân Phú, Tp Hồ Chí Minh",,,,,,,,,,,
,,"Đường Lũy Bán Bích, Phường Hòa Thạnh, Quận Tân Phú, Tp Hồ Chí Minh",,,,,,,,,,,
,,"Đường Lũy Bán Bích, Phường Hòa Thạnh, Quận Tân Phú, Tp Hồ Chí Minh",,,,,,,,,,,
,,"Đường Lũy Bán Bích, Phường Hòa Thạnh, Quận Tân Phú, Tp Hồ Chí Minh",,,,,,,,,,,
,,"69 Chế Lan Viên, Phường Tây Thạnh, Quận Tân Phú, Tp Hồ Chí Minh",,,,,,,,,,,
,,"Phường Tây Thạnh, Quận Tân Phú, Tp Hồ Chí Minh",,,,,,,,,,,
,,"Đường Chế Lan Viên, Phường Tây Thạnh, Quận Tân Phú, Tp Hồ Chí Minh",,,,,,,,,,,
,,"Chế Lan Viên, Phường Tây Thạnh, Quận Tân Phú, Tp Hồ Chí Minh",,,,,,,,,,,
,,"Chế Lan Viên, Phường Tây Thạnh, Quận Tân Phú, Tp Hồ Chí Minh",,,,,,,,,,,
,,"39 Đường Chế Lan Viên, Phường Tây Thạnh, Quận Tân Phú, Tp Hồ Chí Minh",,,,,,,,,,,
,,"Chế Lan Viên, Phường Tây Thạnh, Quận Tân Phú, Tp Hồ Chí Minh",,,,,,,,,,,
,,"Chế Lan Viên, Phường Tây Thạnh, Quận Tân Phú, Tp Hồ Chí Minh",,,,,,,,,,,
,,"69 Chế Lan Viên, Phường Tây Thạnh, Quận Tân Phú, Tp Hồ Chí Minh",,,,,,,,,,,
,,"Chế Lan Viên, Phường Tây Thạnh, Quận Tân Phú, Tp Hồ Chí Minh",,,,,,,,,,,
,,"96 Bác Ái, Phường Tân Thành, Quận Tân Phú, Tp Hồ Chí Minh",,,,,,,,,,,
,,"Chế Lan Viên, Phường Tây Thạnh, Quận Tân Phú, Tp Hồ Chí Minh",,,,,,,,,,,
,,"69 Chế Lan Viên, Phường Tây Thạnh, Quận Tân Phú, Tp Hồ Chí Minh",,,,,,,,,,,
,,"Phường Phú Thọ Hòa, Quận Tân Phú, Tp Hồ Chí Minh",,,,,,,,,,,
,,"69 Chế Lan Viên, Phường Tây Thạnh, Quận Tân Phú, Tp Hồ Chí Minh",,,,,,,,,,,
,,"Chế Lan Viên, Phường Tây Thạnh, Quận Tân Phú, Tp Hồ Chí Minh",,,,,,,,,,,
,,"39 Đường Chế Lan Viên, Phường Tây Thạnh, Quận Tân Phú, Tp Hồ Chí Minh",,,,,,,,,,,
,,"Đường Chế Lan Viên, Phường Tây Thạnh, Quận Tân Phú, Tp Hồ Chí Minh",,,,,,,,,,,
,,"Phường Tây Thạnh, Quận Tân Phú, Tp Hồ Chí Minh",,,,,,,,,,,
,,"Phường Tân Thành, Quận Tân Phú, Tp Hồ Chí Minh",,,,,,,,,,,
,,"Phường Tây Thạnh, Quận Tân Phú, Tp Hồ Chí Minh",,,,,,,,,,,
,,"Đường Lũy Bán Bích, Phường Tân Thới Hòa, Quận Tân Phú, Tp Hồ Chí Minh",,,,,,,,,,,
,,"Phường Tây Thạnh, Quận Tân Phú, Tp Hồ Chí Minh",,,,,,,,,,,
,,"Phường Hòa Thạnh, Quận Tân Phú, Tp Hồ Chí Minh",,,,,,,,,,,
,,"831 Trường Chinh, Tây Thạnh, Tân Phú, Hồ Chí Minh, Phường Tây Thạnh, Quận Tân Phú, Tp Hồ Chí Minh",,,,,,,,,,,
,,"32 Tân Thắng, Phường Sơn Kỳ, Quận Tân Phú, Tp Hồ Chí Minh",,,,,,,,,,,
,,"Phường Phú Thọ Hòa, Quận Tân Phú, Tp Hồ Chí Minh",,,,,,,,,,,
,,"Phường Tây Thạnh, Quận Tân Phú, Tp Hồ Chí Minh",,,,,,,,,,,
,,"32, Đường Bờ Bao Tân Thắng, Phường Sơn Kỳ, Quận Tân Phú, Tp Hồ Chí Minh",,,,,,,,,,,
,,"39 Đường Chế Lan Viên, Phường Tây Thạnh, Quận Tân Phú, Tp Hồ Chí Minh",,,,,,,,,,,
,,"39 Chế Lan Viên, Phường Tây Thạnh, Quận Tân Phú, Tp Hồ Chí Minh",,,,,,,,,,,
,,"Phường Tân Quý, Quận Tân Phú, Tp Hồ Chí Minh",,,,,,,,,,,
,,"Chế Lan Viên, Phường Tây Thạnh, Quận Tân Phú, Tp Hồ Chí Minh",,,,,,,,,,,
,,"Đường Lũy Bán Bích, Phường Hòa Thạnh, Quận Tân Phú, Tp Hồ Chí Minh",,,,,,,,,,,
,,"Phường Tây Thạnh, Quận Tân Phú, Tp Hồ Chí Minh",,,,,,,,,,,
,,"Phường Hiệp Tân, Quận Tân Phú, Tp Hồ Chí Minh",,,,,,,,,,,
,,"69, Đường Tây Thạnh, Phường Tây Thạnh, Quận Tân Phú, Tp Hồ Chí Minh",,,,,,,,,,,
,,"Phường Tây Thạnh, Quận Tân Phú, Tp Hồ Chí Minh",,,,,,,,,,,
,,"Phường Tân Sơn Nhì, Quận Tân Phú, Tp Hồ Chí Minh",,,,,,,,,,,
,,"32 Đường Bờ Bao Tân Thắng, Phường Sơn Kỳ, Quận Tân Phú, Tp Hồ Chí Minh",,,,,,,,,,,
,,"Đường Lũy Bán Bích, Phường Hòa Thạnh, Quận Tân Phú, Tp Hồ Chí Minh",,,,,,,,,,,
,,"Phường Phú Thạnh, Quận Tân Phú, Tp Hồ Chí Minh",,,,,,,,,,,
,,"Phường Sơn Kỳ, Quận Tân Phú, Tp Hồ Chí Minh",,,,,,,,,,,
,,"Phường Sơn Kỳ, Quận Tân Phú, Tp Hồ Chí Minh",,,,,,,,,,,
,,"Phường Sơn Kỳ, Quận Tân Phú, Tp Hồ Chí Minh",,,,,,,,,,,
,,"Đường Trường Chinh, Phường Tây Thạnh, Quận Tân Phú, Tp Hồ Chí Minh",,,,,,,,,,,
,,"Đường Trường Chinh, Phường Tây Thạnh, Quận Tân Phú, Tp Hồ Chí Minh",,,,,,,,,,,
,,"Phường Tân Sơn Nhì, Quận Tân Phú, Tp Hồ Chí Minh",,,,,,,,,,,
,,"Phường Tây Thạnh, Quận Tân Phú, Tp Hồ Chí Minh",,,,,,,,,,,
,,"Phường Tân Thành, Quận Tân Phú, Tp Hồ Chí Minh",,,,,,,,,,,
,,"Hẻm 37 Lũy Bán Bích, Phường Tân Thới Hòa, Quận Tân Phú, Tp Hồ Chí Minh",,,,,,,,,,,
,,"Chế Lan Viên, Phường Tây Thạnh, Quận Tân Phú, Tp Hồ Chí Minh",,,,,,,,,,,
,,"Phường Phú Thọ Hòa, Quận Tân Phú, Tp Hồ Chí Minh",,,,,,,,,,,
,,"69, Đường Tây Thạnh, Phường Tây Thạnh, Quận Tân Phú, Tp Hồ Chí Minh",,,,,,,,,,,
,,"Chế Lan Viên, Phường Tây Thạnh, Quận Tân Phú, Tp Hồ Chí Minh",,,,,,,,,,,
,,"Chế Lan Viên, Phường Tây Thạnh, Quận Tân Phú, Tp Hồ Chí Minh",,,,,,,,,,,
,,"Phường Phú Thọ Hòa, Quận Tân Phú, Tp Hồ Chí Minh",,,,,,,,,,,
,,"Phường Sơn Kỳ, Quận Tân Phú, Tp Hồ Chí Minh",,,,,,,,,,,
,,"Phường Sơn Kỳ, Quận Tân Phú, Tp Hồ Chí Minh",,,,,,,,,,,
,,"Phường Sơn Kỳ, Quận Tân Phú, Tp Hồ Chí Minh",,,,,,,,,,,
,,"Phường Sơn Kỳ, Quận Tân Phú, Tp Hồ Chí Minh",,,,,,,,,,,
,,"Hẻm 40 Tô Hiệu, Phường Tân Thới Hòa, Quận Tân Phú, Tp Hồ Chí Minh",,,,,,,,,,,
,,"Phường Tân Sơn Nhì, Quận Tân Phú, Tp Hồ Chí Minh",,,,,,,,,,,
,,"Đường Phan Anh, Phường Bình Trị Đông, Quận Bình Tân,Tphcm, Phường Tân Thới Hòa, Quận Tân Phú, Tp Hồ Chí Minh",,,,,,,,,,,
,,"Đường Lương Thế Vinh, Phường Tân Thới Hòa, Quận Tân Phú, Tp Hồ Chí Minh",,,,,,,,,,,
,,"Phường Phú Thọ Hòa, Quận Tân Phú, Tp Hồ Chí Minh",,,,,,,,,,,
,,"501 Đường Tân Kỳ Tân Quý, Phường Tân Quý, Quận Tân Phú, Tp Hồ Chí Minh",,,,,,,,,,,
,,"Đường Lũy Bán Bích, Phường Hòa Thạnh, Quận Tân Phú, Tp Hồ Chí Minh",,,,,,,,,,,
,,"501 Đường Tân Kỳ Tân Quý, Phường Tân Quý, Quận Tân Phú, Tp Hồ Chí Minh",,,,,,,,,,,
,,"Phường Phú Thọ Hòa, Quận Tân Phú, Tp Hồ Chí Minh",,,,,,,,,,,
,,"Hẻm 40 Tô Hiệu, Phường Tân Thới Hòa, Quận Tân Phú, Tp Hồ Chí Minh",,,,,,,,,,,
,,"Đường Phan Anh, Phường Bình Trị Đông, Quận Bình Tân,Tphcm , Phường Tân Thới Hòa, Quận Tân Phú, Tp Hồ Chí Minh",,,,,,,,,,,
,,"Chế Lan Viên, phường Tây Thạnh, quận Tân Phú, Phường Tây Thạnh, Quận Tân Phú, Tp Hồ Chí Minh",,,,,,,,,,,
,,"Phường Tây Thạnh, Quận Tân Phú, Tp Hồ Chí Minh",,,,,,,,,,,
,,"Phường Phú Thọ Hòa, Quận Tân Phú, Tp Hồ Chí Minh",,,,,,,,,,,
,,"Phường Phú Thọ Hòa, Quận Tân Phú, Tp Hồ Chí Minh",,,,,,,,,,,
,,"Phường Tân Thành, Quận Tân Phú, Tp Hồ Chí Minh",,,,,,,,,,,
,,"Đường Chế Lan Viên, Phường Tây Thạnh, Quận Tân Phú, Tp Hồ Chí Minh",,,,,,,,,,,
,,"Phường Phú Thọ Hòa, Quận Tân Phú, Tp Hồ Chí Minh",,,,,,,,,,,
,,"Phường Phú Thọ Hòa, Quận Tân Phú, Tp Hồ Chí Minh",,,,,,,,,,,
,,"Đường C8, Phường Tây Thạnh, Quận Tân Phú, Tp Hồ Chí Minh",,,,,,,,,,,
,,"Đường N4, Phường Sơn Kỳ, Quận Tân Phú, Tp Hồ Chí Minh",,,,,,,,,,,
,,"99 Tô Hiệu, Phường Hiệp Tân, Quận Tân Phú, Tp Hồ Chí Minh",,,,,,,,,,,
,,"Phường Phú Thọ Hòa, Quận Tân Phú, Tp Hồ Chí Minh",,,,,,,,,,,
,,"Phường Tây Thạnh, Quận Tân Phú, Tp Hồ Chí Minh",,,,,,,,,,,
,,"68 Đường S5 Phường Tây Thạnh Quận Tân Phú TP HCM, Phường Tây Thạnh, Quận Tân Phú, Tp Hồ Chí Minh",,,,,,,,,,,
,,"68 Đường S5 Phường Tây Thạnh Quận Tân Phú  Tphcm, Phường Tây Thạnh, Quận Tân Phú, Tp Hồ Chí Minh",,,,,,,,,,,
,,"314 LŨY BÁN BÍCH, Phường Tây Thạnh, Quận Tân Phú, Tp Hồ Chí Minh",,,,,,,,,,,
,,"Phường Tây Thạnh, Quận Tân Phú, Tp Hồ Chí Minh",,,,,,,,,,,
,,"32 Tân Thắng, Phường Sơn Kỳ, Quận Tân Phú, Tp Hồ Chí Minh",,,,,,,,,,,
,,"Chế Lan Viên, Phường Tây Thạnh, Quận Tân Phú, Tp Hồ Chí Minh",,,,,,,,,,,
,,"32 Đường Bờ Bao Tân Thắng, Phường Sơn Kỳ, Quận Tân Phú, Tp Hồ Chí Minh",,,,,,,,,,,
,,"Chế Lan Viên, Phường Tây Thạnh, Quận Tân Phú, Tp Hồ Chí Minh",,,,,,,,,,,
,,"Phường Phú Thọ Hòa, Quận Tân Phú, Tp Hồ Chí Minh",,,,,,,,,,,
,,"Phường Tây Thạnh, Quận Tân Phú, Tp Hồ Chí Minh",,,,,,,,,,,
,,"Phường Tân Thới Hòa, Quận Tân Phú, Tp Hồ Chí Minh",,,,,,,,,,,
,,"Chế Lan Viên, Phường Tây Thạnh, Quận Tân Phú, Tp Hồ Chí Minh",,,,,,,,,,,
,,"Phường Tây Thạnh, Quận Tân Phú, Tp Hồ Chí Minh",,,,,,,,,,,
,,"32 Đường Bờ Bao Tân Thắng, Phường Sơn Kỳ, Quận Tân Phú, Tp Hồ Chí Minh",,,,,,,,,,,
,,"32 Đường Bờ Bao Tân Thắng, Phường Sơn Kỳ, Quận Tân Phú, Tp Hồ Chí Minh",,,,,,,,,,,
,,"32 Đường Bờ Bao Tân Thắng, Phường Sơn Kỳ, Quận Tân Phú, Tp Hồ Chí Minh",,,,,,,,,,,
,,"314 Lũy Bán Bích, Hòa Thạnh, Tân Phú, Tphcm, Phường Hòa Thạnh, Quận Tân Phú, Tp Hồ Chí Minh",,,,,,,,,,,
,,"Chế Lan Viên, Phường Tây Thạnh, Quận Tân Phú, Tp Hồ Chí Minh",,,,,,,,,,,
,,"314 Luỹ Bán Bích, Phường Hòa Thạnh, Quận Tân Phú, Tp Hồ Chí Minh",,,,,,,,,,,
,,"Trường Chinh, Phường Tây Thạnh, Quận Tân Phú, Tp Hồ Chí Minh",,,,,,,,,,,
,,"Chế Lan Viên, Phường Tây Thạnh, Quận Tân Phú, Tp Hồ Chí Minh",,,,,,,,,,,
,,"Chế Lan Viên, Phường Tây Thạnh, Quận Tân Phú, Tp Hồ Chí Minh",,,,,,,,,,,
,,"Phường Tân Sơn Nhì, Quận Tân Phú, Tp Hồ Chí Minh",,,,,,,,,,,
,,"32 Đường Bờ Bao Tân Thắng, Phường Sơn Kỳ, Quận Tân Phú, Tp Hồ Chí Minh",,,,,,,,,,,
,,"Phường Tây Thạnh, Quận Tân Phú, Tp Hồ Chí Minh",,,,,,,,,,,
,,"Phường Tân Quý, Quận Tân Phú, Tp Hồ Chí Minh",,,,,,,,,,,
,,"Đường Tân Thắng, Phường Sơn Kỳ, Quận Tân Phú, Tp Hồ Chí Minh",,,,,,,,,,,
,,"Đường Tân Thắng, Phường Sơn Kỳ, Quận Tân Phú, Tp Hồ Chí Minh",,,,,,,,,,,
,,"Phường Tây Thạnh, Quận Tân Phú, Tp Hồ Chí Minh",,,,,,,,,,,
,,"Phường Sơn Kỳ, Quận Tân Phú, Tp Hồ Chí Minh",,,,,,,,,,,
,,"Hẻm 341 Khuông Việt, Phường Phú Trung, Quận Tân Phú, Tp Hồ Chí Minh",,,,,,,,,,,
,,"Đường Lũy Bán Bích, Phường Hòa Thạnh, Quận Tân Phú, Tp Hồ Chí Minh",,,,,,,,,,,
,,"831 Trường Chinh , Phường Tây Thạnh, quận Tân Phú, HCM, Phường Tây Thạnh, Quận Tân Phú, Tp Hồ Chí Minh",,,,,,,,,,,
,,"71 Đường Chế Lan Viên, Phường Tây Thạnh, Quận Tân Phú, Tp Hồ Chí Minh",,,,,,,,,,,
,,"Phường Tây Thạnh, Quận Tân Phú, Tp Hồ Chí Minh",,,,,,,,,,,
,,"Đường Tân Thắng, Phường Sơn Kỳ, Quận Tân Phú, Tp Hồ Chí Minh",,,,,,,,,,,
,,"Phường Phú Thọ Hòa, Quận Tân Phú, Tp Hồ Chí Minh",,,,,,,,,,,
,,"Hẻm 307 Khuông Việt, Phường Phú Trung, Quận Tân Phú, Tp Hồ Chí Minh",,,,,,,,,,,
,,"71 Đường Chế Lan Viên, Phường Tây Thạnh, Quận Tân Phú, Tp Hồ Chí Minh",,,,,,,,,,,
,,"Chế Lan Viên, Phường Tây Thạnh, Quận Tân Phú, Tp Hồ Chí Minh",,,,,,,,,,,
,,"Phường Tân Sơn Nhì, Quận Tân Phú, Tp Hồ Chí Minh",,,,,,,,,,,
,,"Phường Tân Thành, Quận Tân Phú, Tp Hồ Chí Minh",,,,,,,,,,,
,,"Phường Tây Thạnh, Quận Tân Phú, Tp Hồ Chí Minh",,,,,,,,,,,
,,"71 Đường Chế Lan Viên, Phường Tây Thạnh, Quận Tân Phú, Tp Hồ Chí Minh",,,,,,,,,,,
,,"71 Đường Chế Lan Viên, Phường Tây Thạnh, Quận Tân Phú, Tp Hồ Chí Minh",,,,,,,,,,,
,,"71 Đường Chế Lan Viên, Phường Tây Thạnh, Quận Tân Phú, Tp Hồ Chí Minh",,,,,,,,,,,
,,"Phường 1, Quận 11, Tp Hồ Chí Minh",,,,,,,,,,,
,,"Phường Hòa Thạnh, Quận Tân Phú, Tp Hồ Chí Minh",,,,,,,,,,,
,,"Phường Tây Thạnh, Quận Tân Phú, Tp Hồ Chí Minh",,,,,,,,,,,
,,"Phường Tân Sơn Nhì, Quận Tân Phú, Tp Hồ Chí Minh",,,,,,,,,,,
,,"Phường Tây Thạnh, Quận Tân Phú, Tp Hồ Chí Minh",,,,,,,,,,,
,,"Phường Tây Thạnh, Quận Tân Phú, Tp Hồ Chí Minh",,,,,,,,,,,
,,"Phường Tây Thạnh, Quận Tân Phú, Tp Hồ Chí Minh",,,,,,,,,,,
,,"Phường 5, Quận 11, Tp Hồ Chí Minh",,,,,,,,,,,
,,"Đường Tôn Thất Hiệp, Phường 13, Quận 11, Tp Hồ Chí Minh",,,,,,,,,,,
,,"Phường 11, Quận 11, Tp Hồ Chí Minh",,,,,,,,,,,
,,"Phường 11, Quận 11, Tp Hồ Chí Minh",,,,,,,,,,,
,,"Phường 10, Quận 11, Tp Hồ Chí Minh",,,,,,,,,,,
,,"Phường 13, Quận 11, Tp Hồ Chí Minh",,,,,,,,,,,
,,"Phường 2, Quận 11, Tp Hồ Chí Minh",,,,,,,,,,,
,,"Phường 10, Quận 11, Tp Hồ Chí Minh",,,,,,,,,,,
,,"Phường 13, Quận 11, Tp Hồ Chí Minh",,,,,,,,,,,
,,"Phường 1, Quận 11, Tp Hồ Chí Minh",,,,,,,,,,,
,,"Phường 10, Quận 11, Tp Hồ Chí Minh",,,,,,,,,,,
,,"Phường 5, Quận 11, Tp Hồ Chí Minh",,,,,,,,,,,
,,"Phường 1, Quận 11, Tp Hồ Chí Minh",,,,,,,,,,,
,,"Phường 10, Quận 11, Tp Hồ Chí Minh",,,,,,,,,,,
,,"Phường 5, Quận 11, Tp Hồ Chí Minh",,,,,,,,,,,
,,"Phường 10, Quận 11, Tp Hồ Chí Minh",,,,,,,,,,,
,,"Phường 2, Quận 11, Tp Hồ Chí Minh",,,,,,,,,,,
,,"Phường 1, Quận 11, Tp Hồ Chí Minh",,,,,,,,,,,
,,"Phường 10, Quận 11, Tp Hồ Chí Minh",,,,,,,,,,,
,,"Phường 1, Quận 11, Tp Hồ Chí Minh",,,,,,,,,,,
,,"Lý Thường Kiệt, Phường 5, Quận 11, Tp Hồ Chí Minh",,,,,,,,,,,
,,"Phường 6, Quận 11, Tp Hồ Chí Minh",,,,,,,,,,,
,,"Phường 15, Quận 11, Tp Hồ Chí Minh",,,,,,,,,,,
,,"Phường 10, Quận 11, Tp Hồ Chí Minh",,,,,,,,,,,
,,"Hẻm 37/11 Trịnh Đình Trọng, Phường 5, Quận 11, Tp Hồ Chí Minh",,,,,,,,,,,
,,"Phường 15, Quận 11, Tp Hồ Chí Minh",,,,,,,,,,,
,,"Phường 3, Quận 11, Tp Hồ Chí Minh",,,,,,,,,,,
,,"190/17b xóm đất,p 10,q11, Phường 10, Quận 11, Tp Hồ Chí Minh",,,,,,,,,,,
,,"38, Đường Chế Lan Viên, Phường 15, Quận 11, Tp Hồ Chí Minh",,,,,,,,,,,
,,"Phường 1, Quận 11, Tp Hồ Chí Minh",,,,,,,,,,,
,,"03 Lô A Chung cư Lạc Long Quân Phường 5 Quận 11, Phường 5, Quận 11, Tp Hồ Chí Minh",,,,,,,,,,,
,,"38, Đường Chế Lan Viên, Phường 15, Quận 11, Tp Hồ Chí Minh",,,,,,,,,,,
,,"Đường Hàn Hải Nguyên, Phường 10, Quận 11, Tp Hồ Chí Minh",,,,,,,,,,,
,,"Phường 11, Quận 11, Tp Hồ Chí Minh",,,,,,,,,,,
,,"38, Đường Chế Lan Viên, Phường 15, Quận 11, Tp Hồ Chí Minh",,,,,,,,,,,
,,"Đường Số 299 Lý Thường Kiệt, Phường 15, Quận 11, Tp Hồ Chí Minh",,,,,,,,,,,
,,"38, Đường Chế Lan Viên, Phường 15, Quận 11, Tp Hồ Chí Minh",,,,,,,,,,,
,,"Phường 10, Quận 11, Tp Hồ Chí Minh",,,,,,,,,,,
,,"Phường 10, Quận 11, Tp Hồ Chí Minh",,,,,,,,,,,
,,"Phường 15, Quận 11, Tp Hồ Chí Minh",,,,,,,,,,,
,,"Phường 8, Quận 11, Tp Hồ Chí Minh",,,,,,,,,,,
,,"Phường 15, Quận 11, Tp Hồ Chí Minh",,,,,,,,,,,
,,"Phường 4, Quận 11, Tp Hồ Chí Minh",,,,,,,,,,,
,,"Phường 10, Quận 11, Tp Hồ Chí Minh",,,,,,,,,,,
,,"Lữ Gia, Phường 11, Quận 11, Tp Hồ Chí Minh",,,,,,,,,,,
,,"Phường 1, Quận 11, Tp Hồ Chí Minh",,,,,,,,,,,
,,"Phường 3, Quận 11, Tp Hồ Chí Minh",,,,,,,,,,,
,,"Phường 4, Quận 11, Tp Hồ Chí Minh",,,,,,,,,,,
,,"Honda Ô tô Kim Thanh, Phường 15, Quận 11, Tp Hồ Chí Minh",,,,,,,,,,,
,,"Phường 9, Quận 11, Tp Hồ Chí Minh",,,,,,,,,,,
,,"Phường 8, Quận 11, Tp Hồ Chí Minh",,,,,,,,,,,
,,"Phường 1, Quận 11, Tp Hồ Chí Minh",,,,,,,,,,,
,,"Honda Ô tô Kim Thanh, Phường 15, Quận 11, Tp Hồ Chí Minh",,,,,,,,,,,
,,"Phường 1, Quận 11, Tp Hồ Chí Minh",,,,,,,,,,,
,,"69 đường hòa bình phường 3 q11, Phường 3, Quận 11, Tp Hồ Chí Minh",,,,,,,,,,,
,,"Đường Nguyễn Văn Quỳ, Phường 15, Quận 11, Tp Hồ Chí Minh",,,,,,,,,,,
,,"Phường 10, Quận 11, Tp Hồ Chí Minh",,,,,,,,,,,
,,"Phường 1, Quận 11, Tp Hồ Chí Minh",,,,,,,,,,,
,,"Phường 3, Quận 11, Tp Hồ Chí Minh",,,,,,,,,,,
,,"Phường An Lạc, Quận Bình Tân, Tp Hồ Chí Minh",,,,,,,,,,,
,,"Xóm Đất, Phường 8, Quận 11, Tp Hồ Chí Minh",,,,,,,,,,,
,,"241/36 Lãnh Bình Thăng ,p12, q11, Phường 12, Quận 11, Tp Hồ Chí Minh",,,,,,,,,,,
,,"Lê Cơ, Phường An Lạc, Quận Bình Tân, Tp Hồ Chí Minh",,,,,,,,,,,
,,"Phường Bình Hưng Hoà B, Quận Bình Tân, Tp Hồ Chí Minh",,,,,,,,,,,
,,"Phường 1, Quận 11, Tp Hồ Chí Minh",,,,,,,,,,,
,,"110A Đường 100 Bình Thới, Phường 14, Quận 11, Tp Hồ Chí Minh",,,,,,,,,,,
,,"Đường số 5, Phường 8, Quận 11, Tp Hồ Chí Minh",,,,,,,,,,,
,,"464-Kinh Dương Vương, Phường An Lạc A, Quận Bình Tân, Tp Hồ Chí Minh",,,,,,,,,,,
,,"807.trần văn giàu, Phường Tân Tạo A, Quận Bình Tân, Tp Hồ Chí Minh",,,,,,,,,,,
,,"Chung Cư Akari 77 Võ Văn Kiệt, P An Lạc, Q Binh Tan, Phường An Lạc, Quận Bình Tân, Tp Hồ Chí Minh",,,,,,,,,,,
,,"Võ Văn Kiệt, Phường An Lạc, Quận Bình Tân, Tp Hồ Chí Minh",,,,,,,,,,,
,,"Phường An Lạc, Quận Bình Tân, Tp Hồ Chí Minh",,,,,,,,,,,
,,"Đường Kinh Dương Vương, Phường An Lạc A, Quận Bình Tân, Tp Hồ Chí Minh",,,,,,,,,,,
,,"Phường An Lạc, Quận Bình Tân, Tp Hồ Chí Minh",,,,,,,,,,,
,,"Phường Bình Trị Đông B, Quận Bình Tân, Tp Hồ Chí Minh",,,,,,,,,,,
,,"Liên Khu 5-6, Phường Bình Hưng Hoà B, Quận Bình Tân, Tp Hồ Chí Minh",,,,,,,,,,,
,,"Lê Cơ, Phường An Lạc, Quận Bình Tân, Tp Hồ Chí Minh",,,,,,,,,,,
,,"Phường An Lạc, Quận Bình Tân, Tp Hồ Chí Minh",,,,,,,,,,,
,,"Phường Bình Trị Đông B, Quận Bình Tân, Tp Hồ Chí Minh",,,,,,,,,,,
,,"Lê Cơ, Phường An Lạc, Quận Bình Tân, Tp Hồ Chí Minh",,,,,,,,,,,
,,"Phường Bình Hưng Hoà B, Quận Bình Tân, Tp Hồ Chí Minh",,,,,,,,,,,
,,"Phường Bình Trị Đông B, Quận Bình Tân, Tp Hồ Chí Minh",,,,,,,,,,,
,,"464-Kinh Dương Vương, Phường An Lạc A, Quận Bình Tân, Tp Hồ Chí Minh",,,,,,,,,,,
,,"Phường An Lạc, Quận Bình Tân, Tp Hồ Chí Minh",,,,,,,,,,,
,,"Phường An Lạc, Quận Bình Tân, Tp Hồ Chí Minh",,,,,,,,,,,
,,"Phường Bình Trị Đông B, Quận Bình Tân, Tp Hồ Chí Minh",,,,,,,,,,,
,,"Đường Kinh Dương Vương, Phường An Lạc, Quận Bình Tân, Tp Hồ Chí Minh",,,,,,,,,,,
,,"Phường An Lạc, Quận Bình Tân, Tp Hồ Chí Minh",,,,,,,,,,,
,,"Lê Cơ, Phường An Lạc, Quận Bình Tân, Tp Hồ Chí Minh",,,,,,,,,,,
,,"Phường Tân Tạo, Quận Bình Tân, Tp Hồ Chí Minh",,,,,,,,,,,
,,"Chung Cư Akari 77 Võ Văn Kiệt, P An Lạc, Q Binh Tan, Phường An Lạc, Quận Bình Tân, Tp Hồ Chí Minh",,,,,,,,,,,
,,"Phường An Lạc, Quận Bình Tân, Tp Hồ Chí Minh",,,,,,,,,,,
,,"Đường Kinh Dương Vương, Phường An Lạc A, Quận Bình Tân, Tp Hồ Chí Minh",,,,,,,,,,,
,,"807.trần văn giàu, Phường Tân Tạo A, Quận Bình Tân, Tp Hồ Chí Minh",,,,,,,,,,,
,,"Võ Văn Kiệt, Phường An Lạc, Quận Bình Tân, Tp Hồ Chí Minh",,,,,,,,,,,
,,"Phường An Lạc, Quận Bình Tân, Tp Hồ Chí Minh",,,,,,,,,,,
,,"Phường Bình Trị Đông B, Quận Bình Tân, Tp Hồ Chí Minh",,,,,,,,,,,
,,"Phường An Lạc, Quận Bình Tân, Tp Hồ Chí Minh",,,,,,,,,,,
,,"Phường An Lạc, Quận Bình Tân, Tp Hồ Chí Minh",,,,,,,,,,,
,,"Phường An Lạc, Quận Bình Tân, Tp Hồ Chí Minh",,,,,,,,,,,
,,"Phường Bình Trị Đông B, Quận Bình Tân, Tp Hồ Chí Minh",,,,,,,,,,,
,,"Phường An Lạc, Quận Bình Tân, Tp Hồ Chí Minh",,,,,,,,,,,
,,"Phường Bình Trị Đông B, Quận Bình Tân, Tp Hồ Chí Minh",,,,,,,,,,,
,,"Phường Bình Trị Đông B, Quận Bình Tân, Tp Hồ Chí Minh",,,,,,,,,,,
,,"Đường Kinh Dương Vương, Phường An Lạc, Quận Bình Tân, Tp Hồ Chí Minh",,,,,,,,,,,
,,"Phường Tân Tạo, Quận Bình Tân, Tp Hồ Chí Minh",,,,,,,,,,,
,,"Liên Khu 5-6, Phường Bình Hưng Hoà B, Quận Bình Tân, Tp Hồ Chí Minh",,,,,,,,,,,
,,"Phường An Lạc, Quận Bình Tân, Tp Hồ Chí Minh",,,,,,,,,,,
,,"Phường Bình Trị Đông B, Quận Bình Tân, Tp Hồ Chí Minh",,,,,,,,,,,
,,"Phường An Lạc, Quận Bình Tân, Tp Hồ Chí Minh",,,,,,,,,,,
,,"75, Đường Võ Văn Kiệt, Phường An Lạc, Quận Bình Tân, Tp Hồ Chí Minh",,,,,,,,,,,
,,"Phường An Lạc, Quận Bình Tân, Tp Hồ Chí Minh",,,,,,,,,,,
,,"Lê Cơ, Phường An Lạc, Quận Bình Tân, Tp Hồ Chí Minh",,,,,,,,,,,
,,"201 Đường Lê Cơ, Phường An Lạc, Quận Bình Tân, Tp Hồ Chí Minh",,,,,,,,,,,
,,"Phường An Lạc, Quận Bình Tân, Tp Hồ Chí Minh",,,,,,,,,,,
,,"Hẻm 216 Đường Lê Văn Quới, Phường Bình Hưng Hoà A, Quận Bình Tân, Tp Hồ Chí Minh",,,,,,,,,,,
,,"Phường An Lạc, Quận Bình Tân, Tp Hồ Chí Minh",,,,,,,,,,,
,,"Phường Bình Trị Đông B, Quận Bình Tân, Tp Hồ Chí Minh",,,,,,,,,,,
,,"Phường An Lạc A, Quận Bình Tân, Tp Hồ Chí Minh",,,,,,,,,,,
,,"75, Đường Võ Văn Kiệt, Phường An Lạc, Quận Bình Tân, Tp Hồ Chí Minh",,,,,,,,,,,
,,"Phường Tân Tạo, Quận Bình Tân, Tp Hồ Chí Minh",,,,,,,,,,,
,,"Phường An Lạc, Quận Bình Tân, Tp Hồ Chí Minh",,,,,,,,,,,
,,"Kinh Dương Vương, Phường An Lạc, Quận Bình Tân, Tp Hồ Chí Minh",,,,,,,,,,,
,,"75, Đường Võ Văn Kiệt, Phường An Lạc, Quận Bình Tân, Tp Hồ Chí Minh",,,,,,,,,,,
,,"Phường An Lạc, Quận Bình Tân, Tp Hồ Chí Minh",,,,,,,,,,,
,,"201 Đường Lê Cơ, Phường An Lạc, Quận Bình Tân, Tp Hồ Chí Minh",,,,,,,,,,,
,,"Phường An Lạc, Quận Bình Tân, Tp Hồ Chí Minh",,,,,,,,,,,
,,"Phường Bình Hưng Hoà B, Quận Bình Tân, Tp Hồ Chí Minh",,,,,,,,,,,
,,"Phường Bình Hưng Hoà B, Quận Bình Tân, Tp Hồ Chí Minh",,,,,,,,,,,
,,,,,,,,,,,,,
,,,,,,,,,,,,,
,,,,,,,,,,,,,
,,,,,,,,,,,,,
,,,,,,,,,,,,,
,,"Phường Bình Hưng Hoà B, Quận Bình Tân, Tp Hồ Chí Minh",,,,,,,,,,,
,,"Phường An Lạc, Quận Bình Tân, Tp Hồ Chí Minh",,,,,,,,,,,
,,,,,,,,,,,,,
,,"Phường An Lạc, Quận Bình Tân, Tp Hồ Chí Minh",,,,,,,,,,,
,,"Phường An Lạc, Quận Bình Tân, Tp Hồ Chí Minh",,,,,,,,,,,
,,"Phường An Lạc, Quận Bình Tân, Tp Hồ Chí Minh",,,,,,,,,,,
,,"Phường Bình Hưng Hòa, Quận Bình Tân, Tp Hồ Chí Minh",,,,,,,,,,,
,,"Kinh Dương Vương, Phường An Lạc, Quận Bình Tân, Tp Hồ Chí Minh",,,,,,,,,,,
,,,,,,,,,,,,,
,,"Kinh Dương Vương, Phường An Lạc, Quận Bình Tân, Tp Hồ Chí Minh",,,,,,,,,,,
,,,,,,,,,,,,,
,,"688 Hẻm 688 Đường Tân Kỳ Tân Quý, Phường Bình Hưng Hòa, Quận Bình Tân, Tp Hồ Chí Minh",,,,,,,,,,,
,,,,,,,,,,,,,
,,"Kinh Dương Vương, Phường An Lạc, Quận Bình Tân, Tp Hồ Chí Minh",,,,,,,,,,,
,,"Phường Bình Hưng Hoà B, Quận Bình Tân, Tp Hồ Chí Minh",,,,,,,,,,,
,,"464-Kinh Dương Vương, Phường An Lạc A, Quận Bình Tân, Tp Hồ Chí Minh",,,,,,,,,,,
,,"Phường Bình Hưng Hòa, Quận Bình Tân, Tp Hồ Chí Minh",,,,,,,,,,,
,,"Phường Tân Tạo, Quận Bình Tân, Tp Hồ Chí Minh",,,,,,,,,,,
,,"Kinh Dương Vương, Phường An Lạc, Quận Bình Tân, Tp Hồ Chí Minh",,,,,,,,,,,
,,"Phường Bình Trị Đông B, Quận Bình Tân, Tp Hồ Chí Minh",,,,,,,,,,,
,,"201 Đường Lê Cơ, Phường An Lạc, Quận Bình Tân, Tp Hồ Chí Minh",,,,,,,,,,,
,,"Phường An Lạc, Quận Bình Tân, Tp Hồ Chí Minh",,,,,,,,,,,
,,"201 Đường Lê Cơ, Phường An Lạc, Quận Bình Tân, Tp Hồ Chí Minh",,,,,,,,,,,
,,"201 Đường Lê Cơ, Phường An Lạc, Quận Bình Tân, Tp Hồ Chí Minh",,,,,,,,,,,
,,"201 Đường Lê Cơ, Phường An Lạc, Quận Bình Tân, Tp Hồ Chí Minh",,,,,,,,,,,
,,"Phường An Lạc, Quận Bình Tân, Tp Hồ Chí Minh",,,,,,,,,,,
,,"Phường An Lạc, Quận Bình Tân, Tp Hồ Chí Minh",,,,,,,,,,,
,,"Phường An Lạc, Quận Bình Tân, Tp Hồ Chí Minh",,,,,,,,,,,
,,"530, Đường Kinh Dương Vương, Phường An Lạc, Quận Bình Tân, Tp Hồ Chí Minh",,,,,,,,,,,
,,"Kinh Dương Vương, Phường An Lạc, Quận Bình Tân, Tp Hồ Chí Minh",,,,,,,,,,,
,,"530, Đường Kinh Dương Vương, Phường An Lạc, Quận Bình Tân, Tp Hồ Chí Minh",,,,,,,,,,,
,,"Phường 14, Quận Gò Vấp, Tp Hồ Chí Minh",,,,,,,,,,,
,,"Phường 14, Quận Gò Vấp, Tp Hồ Chí Minh",,,,,,,,,,,
,,"Phường 9, Quận Gò Vấp, Tp Hồ Chí Minh",,,,,,,,,,,
,,"68 Nguyễn Tư Giản, Phường 12, Quận Gò Vấp, Tp Hồ Chí Minh",,,,,,,,,,,
,,"189 Nguyễn Oanh, Phường 10, Quận Gò Vấp, Tp Hồ Chí Minh",,,,,,,,,,,
,,"Phường 10, Quận Gò Vấp, Tp Hồ Chí Minh",,,,,,,,,,,
,,"Hẻm 331/70 Phan Huy Ích, Phường 14, Quận Gò Vấp, Tp Hồ Chí Minh",,,,,,,,,,,
,,"Phường 13, Quận Gò Vấp, Tp Hồ Chí Minh",,,,,,,,,,,
,,"18 Phan Văn Trị, Phường 7, Quận Gò Vấp, HCM, Phường 7, Quận Gò Vấp, Tp Hồ Chí Minh",,,,,,,,,,,
,,"Phường 14, Quận Gò Vấp, Tp Hồ Chí Minh",,,,,,,,,,,
,,"Phường 9, Quận Gò Vấp, Tp Hồ Chí Minh",,,,,,,,,,,
,,"Phường 17, Quận Gò Vấp, Tp Hồ Chí Minh",,,,,,,,,,,
,,"189 Nguyễn Oanh, Phường 10, Quận Gò Vấp, Tp Hồ Chí Minh",,,,,,,,,,,
,,"Cc Thai An3, Phường 1, Quận Gò Vấp, Tp Hồ Chí Minh",,,,,,,,,,,
,,"Phường 10, Quận Gò Vấp, Tp Hồ Chí Minh",,,,,,,,,,,
,,"Phường 13, Quận Gò Vấp, Tp Hồ Chí Minh",,,,,,,,,,,
,,"68 Nguyễn Tư Giản, Phường 12, Quận Gò Vấp, Tp Hồ Chí Minh",,,,,,,,,,,
,,"189 Nguyễn Oanh, Phường 10, Quận Gò Vấp, Tp Hồ Chí Minh",,,,,,,,,,,
,,"Hẻm 350 Nguyễn Văn Lượng, Phường 16, Quận Gò Vấp, Tp Hồ Chí Minh",,,,,,,,,,,
,,"Phường 14, Quận Gò Vấp, Tp Hồ Chí Minh",,,,,,,,,,,
,,"513/6 đường nguyễn oanh phường 17 quận gò vấp, Phường 17, Quận Gò Vấp, Tp Hồ Chí Minh",,,,,,,,,,,
,,"189 Nguyễn Oanh, Phường 10, Quận Gò Vấp, Tp Hồ Chí Minh",,,,,,,,,,,
,,"Phường 10, Quận Gò Vấp, Tp Hồ Chí Minh",,,,,,,,,,,
,,"Phường 14, Quận Gò Vấp, Tp Hồ Chí Minh",,,,,,,,,,,
,,"189 Nguyễn Oanh, Phường 10, Quận Gò Vấp, Tp Hồ Chí Minh",,,,,,,,,,,
,,"Phường 13, Quận Gò Vấp, Tp Hồ Chí Minh",,,,,,,,,,,
,,"Phường 14, Quận Gò Vấp, Tp Hồ Chí Minh",,,,,,,,,,,
,,"Hẻm 331/70 Phan Huy Ích, Phường 14, Quận Gò Vấp, Tp Hồ Chí Minh",,,,,,,,,,,
,,"Phường 9, Quận Gò Vấp, Tp Hồ Chí Minh",,,,,,,,,,,
,,"Phường 13, Quận Gò Vấp, Tp Hồ Chí Minh",,,,,,,,,,,
,,"Phường 9, Quận Gò Vấp, Tp Hồ Chí Minh",,,,,,,,,,,
,,"189 Nguyễn Oanh, Phường 10, Quận Gò Vấp, Tp Hồ Chí Minh",,,,,,,,,,,
,,"18 Phan Văn Trị, Phường 7, Quận Gò Vấp, HCM, Phường 7, Quận Gò Vấp, Tp Hồ Chí Minh",,,,,,,,,,,
,,"Phường 14, Quận Gò Vấp, Tp Hồ Chí Minh",,,,,,,,,,,
,,"Phường 10, Quận Gò Vấp, Tp Hồ Chí Minh",,,,,,,,,,,
,,"Cc Thai An3, Phường 1, Quận Gò Vấp, Tp Hồ Chí Minh",,,,,,,,,,,
,,"513/6 đường nguyễn oanh phường 17 quận gò vấp, Phường 17, Quận Gò Vấp, Tp Hồ Chí Minh",,,,,,,,,,,
,,"Phường 17, Quận Gò Vấp, Tp Hồ Chí Minh",,,,,,,,,,,
,,"68 Nguyễn Tư Giản, Phường 12, Quận Gò Vấp, Tp Hồ Chí Minh",,,,,,,,,,,
,,"Hẻm 350 Nguyễn Văn Lượng, Phường 16, Quận Gò Vấp, Tp Hồ Chí Minh",,,,,,,,,,,
,,"Phường 14, Quận Gò Vấp, Tp Hồ Chí Minh",,,,,,,,,,,
,,"189 Nguyễn Oanh, Phường 10, Quận Gò Vấp, Tp Hồ Chí Minh",,,,,,,,,,,
,,"68 Nguyễn Tư Giản, Phường 12, Quận Gò Vấp, Tp Hồ Chí Minh",,,,,,,,,,,
,,"Phường 10, Quận Gò Vấp, Tp Hồ Chí Minh",,,,,,,,,,,
,,"496 Dương Quảng Hàm, Phường 17, Quận Gò Vấp, Tp Hồ Chí Minh",,,,,,,,,,,
,,"Hẻm 2/35 Đường Lê Đức Thọ, Phường 7, Quận Gò Vấp, Tp Hồ Chí Minh",,,,,,,,,,,
,,"Phường 13, Quận Gò Vấp, Tp Hồ Chí Minh",,,,,,,,,,,
,,"Phường 14, Quận Gò Vấp, Tp Hồ Chí Minh",,,,,,,,,,,
,,"quận gò vấp, Phường 16, Quận Gò Vấp, Tp Hồ Chí Minh",,,,,,,,,,,
,,"Phường 13, Quận Gò Vấp, Tp Hồ Chí Minh",,,,,,,,,,,
,,"496 Dương Quảng Hàm, Phường 17, Quận Gò Vấp, Tp Hồ Chí Minh",,,,,,,,,,,
,,"168 Đường Phạm Văn Đồng, Phường 3, Quận Gò Vấp, Tp Hồ Chí Minh",,,,,,,,,,,
,,"350/134 Nguyên Văn Lượng F 16 Go Vap, Phường 16, Quận Gò Vấp, Tp Hồ Chí Minh",,,,,,,,,,,
,,"Phường 10, Quận Gò Vấp, Tp Hồ Chí Minh",,,,,,,,,,,
,,"Phường 13, Quận Gò Vấp, Tp Hồ Chí Minh",,,,,,,,,,,
,,"Phường 6, Quận Gò Vấp, Tp Hồ Chí Minh",,,,,,,,,,,
,,"168 Đường Phạm Văn Đồng, Phường 3, Quận Gò Vấp, Tp Hồ Chí Minh",,,,,,,,,,,
,,"Phường 13, Quận Gò Vấp, Tp Hồ Chí Minh",,,,,,,,,,,
,,"Phường 17, Quận Gò Vấp, Tp Hồ Chí Minh",,,,,,,,,,,
,,"513/6 đường nguyễn oanh phường 17 quận gò vấp, Phường 17, Quận Gò Vấp, Tp Hồ Chí Minh",,,,,,,,,,,
,,"Phường 13, Quận Gò Vấp, Tp Hồ Chí Minh",,,,,,,,,,,
,,"Phường 14, Quận Gò Vấp, Tp Hồ Chí Minh",,,,,,,,,,,
,,"496/101 Dương Quãng Hàm P6 Gò Vấp, Phường 6, Quận Gò Vấp, Tp Hồ Chí Minh",,,,,,,,,,,
,,"Nguyễn Oanh, Phường 17, Quận Gò Vấp, Tp Hồ Chí Minh",,,,,,,,,,,
,,"Phường 13, Quận Gò Vấp, Tp Hồ Chí Minh",,,,,,,,,,,
,,"undefined, Phường 3, Quận Gò Vấp, Tp Hồ Chí Minh",,,,,,,,,,,
,,"Phường 13, Quận Gò Vấp, Tp Hồ Chí Minh",,,,,,,,,,,
,,"quận gò vấp, Phường 16, Quận Gò Vấp, Tp Hồ Chí Minh",,,,,,,,,,,
,,"189 Nguyễn Oanh, Phường 10, Quận Gò Vấp, Tp Hồ Chí Minh",,,,,,,,,,,
,,"Phường 7, Quận Gò Vấp, Tp Hồ Chí Minh",,,,,,,,,,,
,,"Phường 9, Quận Gò Vấp, Tp Hồ Chí Minh",,,,,,,,,,,
,,"Phường 13, Quận Gò Vấp, Tp Hồ Chí Minh",,,,,,,,,,,
,,"Phường 15, Quận Gò Vấp, Tp Hồ Chí Minh",,,,,,,,,,,
,,"Phường 13, Quận Gò Vấp, Tp Hồ Chí Minh",,,,,,,,,,,
,,"Phường 13, Quận Gò Vấp, Tp Hồ Chí Minh",,,,,,,,,,,
,,"Phường 3, Quận Gò Vấp, Tp Hồ Chí Minh",,,,,,,,,,,
,,,,,,,,,,,,,
,,"Phường 3, Quận Gò Vấp, Tp Hồ Chí Minh",,,,,,,,,,,
,,"Phường 17, Quận Gò Vấp, Tp Hồ Chí Minh",,,,,,,,,,,
,,"Phường 1, Quận Gò Vấp, Tp Hồ Chí Minh",,,,,,,,,,,
,,"Phường 17, Quận Gò Vấp, Tp Hồ Chí Minh",,,,,,,,,,,
,,"Thống Nhất, Phường 16, Quận Gò Vấp, Tp Hồ Chí Minh",,,,,,,,,,,
,,"Phường 5, Quận Gò Vấp, Tp Hồ Chí Minh",,,,,,,,,,,
,,"Đường Phan Văn Trị, Phường 14, Quận Gò Vấp, Tp Hồ Chí Minh",,,,,,,,,,,
,,"Phường 14, Quận Gò Vấp, Tp Hồ Chí Minh",,,,,,,,,,,
,,"Phường 17, Quận Gò Vấp, Tp Hồ Chí Minh",,,,,,,,,,,
,,"Phường 3, Quận Gò Vấp, Tp Hồ Chí Minh",,,,,,,,,,,
,,"Phường 1, Quận Gò Vấp, Tp Hồ Chí Minh",,,,,,,,,,,
,,"Phường 13, Quận Gò Vấp, Tp Hồ Chí Minh",,,,,,,,,,,
,,"Phường 9, Quận Gò Vấp, Tp Hồ Chí Minh",,,,,,,,,,,
,,"Thống Nhất, Phường 16, Quận Gò Vấp, Tp Hồ Chí Minh",,,,,,,,,,,
,,"513/6 đường nguyễn oanh phường 17 quận gò vấp, Phường 17, Quận Gò Vấp, Tp Hồ Chí Minh",,,,,,,,,,,
,,"513/6 đường nguyễn oanh phường 17 quận gò vấp, Phường 17, Quận Gò Vấp, Tp Hồ Chí Minh",,,,,,,,,,,
,,"Phường 16, Quận Gò Vấp, Tp Hồ Chí Minh",,,,,,,,,,,
,,"Phường 9, Quận Gò Vấp, Tp Hồ Chí Minh",,,,,,,,,,,
,,"513/6 đường nguyễn oanh phường 17 quận gò vấp, Phường 17, Quận Gò Vấp, Tp Hồ Chí Minh",,,,,,,,,,,
,,"Thống Nhất, Phường 16, Quận Gò Vấp, Tp Hồ Chí Minh",,,,,,,,,,,
,,"Phường 9, Quận Gò Vấp, Tp Hồ Chí Minh",,,,,,,,,,,
,,"Phường 2, Quận 8, Tp Hồ Chí Minh",,,,,,,,,,,
,,"Phường 10, Quận Gò Vấp, Tp Hồ Chí Minh",,,,,,,,,,,
,,"Phường 3, Quận 8, Tp Hồ Chí Minh",,,,,,,,,,,
,,"Phường 3, Quận 8, Tp Hồ Chí Minh",,,,,,,,,,,
,,"Phường 3, Quận 8, Tp Hồ Chí Minh",,,,,,,,,,,
,,"Phường 2, Quận 8, Tp Hồ Chí Minh",,,,,,,,,,,
,,"513/6 Nguyễn Oanh, Phường 17, Quận Gò Vấp, Tp Hồ Chí Minh",,,,,,,,,,,
,,"Phường 3, Quận 8, Tp Hồ Chí Minh",,,,,,,,,,,
,,"Phường 16, Quận 8, Tp Hồ Chí Minh",,,,,,,,,,,
,,"Phường 3, Quận 8, Tp Hồ Chí Minh",,,,,,,,,,,
,,"Phường 16, Quận 8, Tp Hồ Chí Minh",,,,,,,,,,,
,,"Phường 3, Quận 8, Tp Hồ Chí Minh",,,,,,,,,,,
,,"Phường 16, Quận 8, Tp Hồ Chí Minh",,,,,,,,,,,
,,"Phường 1, Quận 8, Tp Hồ Chí Minh",,,,,,,,,,,
,,"161F Dạ Nam, Phường 5, Quận 8, Tp Hồ Chí Minh",,,,,,,,,,,
,,"Phường 16, Quận 8, Tp Hồ Chí Minh",,,,,,,,,,,
,,"Phường 3, Quận 8, Tp Hồ Chí Minh",,,,,,,,,,,
,,"Phường 3, Quận 8, Tp Hồ Chí Minh",,,,,,,,,,,
,,"Phường 3, Quận 8, Tp Hồ Chí Minh",,,,,,,,,,,
,,"Phường 7, Quận 8, Tp Hồ Chí Minh",,,,,,,,,,,
,,"Phường 16, Quận 8, Tp Hồ Chí Minh",,,,,,,,,,,
,,"1484 Đường Phạm Thế Hiển, Phường 5, Quận 8, Tp Hồ Chí Minh",,,,,,,,,,,
,,"Phường 16, Quận 8, Tp Hồ Chí Minh",,,,,,,,,,,
,,"Phường 6, Quận 8, Tp Hồ Chí Minh",,,,,,,,,,,
,,"Phường 3, Quận 8, Tp Hồ Chí Minh",,,,,,,,,,,
,,"1484 Đường Phạm Thế Hiển, Phường 5, Quận 8, Tp Hồ Chí Minh",,,,,,,,,,,
,,"Phường 16, Quận 8, Tp Hồ Chí Minh",,,,,,,,,,,
,,"Phường 3, Quận 8, Tp Hồ Chí Minh",,,,,,,,,,,
,,"Phường 3, Quận 8, Tp Hồ Chí Minh",,,,,,,,,,,
,,"Phường 4, Quận 8, Tp Hồ Chí Minh",,,,,,,,,,,
,,"Phường 5, Quận 8, Tp Hồ Chí Minh",,,,,,,,,,,
,,"Phường 3, Quận 8, Tp Hồ Chí Minh",,,,,,,,,,,
,,"Phường 4, Quận 8, Tp Hồ Chí Minh",,,,,,,,,,,
,,"Phường 16, Quận 8, Tp Hồ Chí Minh",,,,,,,,,,,
,,"Phường 9, Quận 8, Tp Hồ Chí Minh",,,,,,,,,,,
,,"Phường 16, Quận 8, Tp Hồ Chí Minh",,,,,,,,,,,
,,"Phường 1, Quận 8, Tp Hồ Chí Minh",,,,,,,,,,,
,,"Phường 1, Quận 8, Tp Hồ Chí Minh",,,,,,,,,,,
,,"Phường 4, Quận 8, Tp Hồ Chí Minh",,,,,,,,,,,
,,"210 Đường Phạm Thế Hiển, Phường 2, Quận 8, Tp Hồ Chí Minh",,,,,,,,,,,
,,"Phường 4, Quận 8, Tp Hồ Chí Minh",,,,,,,,,,,
,,"Phường 3, Quận 8, Tp Hồ Chí Minh",,,,,,,,,,,
,,"Phường 5, Quận 8, Tp Hồ Chí Minh",,,,,,,,,,,
,,"Phường 4, Quận 8, Tp Hồ Chí Minh",,,,,,,,,,,
,,"25 Đường Võ Văn Kiệt, Phường 16, Quận 8, Tp Hồ Chí Minh",,,,,,,,,,,
,,"Phường 4, Quận 8, Tp Hồ Chí Minh",,,,,,,,,,,
,,"Phường 5, Quận 8, Tp Hồ Chí Minh",,,,,,,,,,,
,,,,,,,,,,,,,
